Date,Weekday,Forecast day t,Forecast day t+1,2-day forecast,Safety stock,Reorder point R_t,Fixed Normal R
2020-06-19,Fri,6.229104701837912,6.0309904253194,12.260095127157312,11,24,85
2020-06-20,Sat,5.911238503209818,6.605919350252501,12.517157853462319,11,24,85
2020-06-21,Sun,5.601863881580029,6.6559081785674215,12.25777206014745,11,24,85
2020-06-22,Mon,6.862810672995439,8.444311522088897,15.307122195084336,11,27,85
2020-06-23,Tue,7.994525565350397,7.218978584004715,15.213504149355112,11,27,85
2020-06-24,Wed,3.5585507999644306,1.6295709646024839,5.188121764566914,11,17,85
2020-06-25,Thu,3.4298184228903215,3.0046396274371694,6.434458050327491,11,18,85
2020-06-26,Fri,5.375427980804595,5.0666430883201645,10.44207106912476,11,22,85
2020-06-27,Sat,4.345756257891648,5.180003572725355,9.525759830617003,11,21,85
2020-06-28,Sun,6.048715526454941,7.017705452613761,13.066420979068702,11,25,85
2020-06-29,Mon,6.9924489250304935,8.186424631891537,15.178873556922031,11,27,85
2020-06-30,Tue,6.107283575771339,5.974703493600792,12.081987069372131,11,24,85
2020-07-01,Wed,8.00957729485578,6.166989995411056,14.176567290266837,11,26,85
2020-07-02,Thu,6.684816959339594,5.871903675870078,12.556720635209672,11,24,85
2020-07-03,Fri,2.9235443545467144,2.8137239198303927,5.737268274377107,11,17,85
2020-07-04,Sat,1.8087614195893948,2.540964970622166,4.349726390211561,11,16,85
2020-07-05,Sun,3.165518214121846,3.8866081554933736,7.05212636961522,11,19,85
2020-07-06,Mon,5.361474570150888,7.028568278300371,12.390042848451259,11,24,85
2020-07-07,Tue,5.799487818183181,5.482254277074643,11.281742095257824,11,23,85
2020-07-08,Wed,6.632420254275946,4.366702585084843,10.999122839360789,11,22,85
2020-07-09,Thu,4.037741981260696,3.477242470624216,7.514984451884912,11,19,85
2020-07-10,Fri,1.381159716124756,1.480655622507397,2.861815338632153,11,14,85
2020-07-11,Sat,2.3257356760101344,3.1656975166668904,5.491433192677025,11,17,85
2020-07-12,Sun,5.614563121863092,6.002829367641843,11.617392489504935,11,23,85
2020-07-13,Mon,3.6001115395661634,5.535087119057518,9.135198658623683,11,21,85
2020-07-14,Tue,8.863957960086196,8.367530210117263,17.23148817020346,11,29,85
2020-07-15,Wed,7.39360399888449,4.90806094917189,12.30166494805638,11,24,85
2020-07-16,Thu,9.400732049133406,9.193516345899694,18.594248395033098,11,30,85
2020-07-17,Fri,10.024237564093527,10.301879492914379,20.326117057007906,11,32,85
2020-07-18,Sat,7.683447246666964,7.944436073629827,15.627883320296792,11,27,85
2020-07-19,Sun,7.58677054110169,8.666385979964401,16.253156521066092,11,28,85
2020-07-20,Mon,8.361585908456215,9.809641070128878,18.171226978585093,11,30,85
2020-07-21,Tue,10.142184253015044,10.30409328551264,20.44627753852768,11,32,85
2020-07-22,Wed,13.36135787484745,10.459238999941794,23.820596874789246,11,35,85
2020-07-23,Thu,9.227209074513352,8.597826248170128,17.82503532268348,11,29,85
2020-07-24,Fri,6.402052860898459,6.9414074872813165,13.343460348179775,11,25,85
2020-07-25,Sat,11.942764790460584,12.21286477667292,24.155629567133502,11,36,85
2020-07-26,Sun,10.67403113622058,11.828334891879315,22.502366028099896,11,34,85
2020-07-27,Mon,8.359493184028832,10.14270139317291,18.50219457720174,11,30,85
2020-07-28,Tue,7.357436876257527,7.0177226537225135,14.37515952998004,11,26,85
2020-07-29,Wed,5.787630261176149,2.769292887979584,8.556923149155732,11,20,85
2020-07-30,Thu,2.8801112706950036,3.1074538460440366,5.98756511673904,11,17,85
2020-07-31,Fri,5.248008449449897,4.993791169107821,10.241799618557717,11,22,85
2020-08-01,Sat,6.424135936803998,6.447106396010456,12.871242332814454,11,24,85
2020-08-02,Sun,5.703311607176429,6.948008694565975,12.651320301742405,11,24,85
2020-08-03,Mon,10.223076173691126,12.181980281345517,22.405056455036643,11,34,85
2020-08-04,Tue,13.625340816951969,13.438363787883535,27.063704604835504,11,39,85
2020-08-05,Wed,11.54761241204182,8.766606186861257,20.314218598903075,11,32,85
2020-08-06,Thu,5.872438690697894,6.026496505198938,11.898935195896833,11,23,85
2020-08-07,Fri,6.092838651822741,5.616773902209905,11.709612554032645,11,23,85
2020-08-08,Sat,7.648563110038776,8.166924364118074,15.81548747415685,11,27,85
2020-08-09,Sun,5.215862223870251,6.2348014160613605,11.450663639931612,11,23,85
2020-08-10,Mon,5.602443666044514,7.163459300224886,12.765902966269401,11,24,85
2020-08-11,Tue,8.928825528024227,8.622065694146084,17.55089122217031,11,29,85
2020-08-12,Wed,8.658777797513185,6.229979968243216,14.888757765756402,11,26,85
2020-08-13,Thu,4.323071729974553,4.706528680532583,9.029600410507136,11,21,85
2020-08-14,Fri,10.25631385928803,9.152773630727465,19.409087490015494,11,31,85
2020-08-15,Sat,5.904602099843311,6.68194338691193,12.586545486755242,11,24,85
2020-08-16,Sun,8.819043974430919,10.124036088043672,18.943080062474593,11,30,85
2020-08-17,Mon,7.620373026828134,8.982908453637062,16.603281480465196,11,28,85
2020-08-18,Tue,6.584672328596425,6.053013769598273,12.637686098194699,11,24,85
2020-08-19,Wed,4.7089216866737775,3.176150615994743,7.8850723026685205,11,19,85
2020-08-20,Thu,3.8486069124258773,3.176781104671559,7.025388017097436,11,19,85
2020-08-21,Fri,4.293460703985703,3.830435519355621,8.123896223341324,11,20,85
2020-08-22,Sat,4.716608260536363,4.9377544405603055,9.65436270109667,11,21,85
2020-08-23,Sun,5.085554867912044,6.406731769366964,11.492286637279008,11,23,85
2020-08-24,Mon,5.842625121093723,7.335415649089564,13.178040770183287,11,25,85
2020-08-25,Tue,7.417363920863589,7.129058515035663,14.546422435899252,11,26,85
2020-08-26,Wed,12.109994998409363,10.64503245367154,22.755027452080903,11,34,85
2020-08-27,Thu,11.108376981209176,10.399490618997989,21.507867600207163,11,33,85
2020-08-28,Fri,10.343229523984675,9.780017511777196,20.12324703576187,11,32,85
2020-08-29,Sat,13.235909605105796,13.364404337509283,26.60031394261508,11,38,85
2020-08-30,Sun,13.762635728357848,15.164537472867543,28.927173201225393,11,40,85
2020-08-31,Mon,15.807810844283638,17.892415076162465,33.7002259204461,11,45,85
2020-09-01,Tue,13.32383801008223,12.497361610712595,25.821199620794825,11,37,85
2020-09-02,Wed,13.888267459609073,12.365039752928325,26.2533072125374,11,38,85
2020-09-03,Thu,8.2623883996607,7.97847586600633,16.24086426566703,11,28,85
2020-09-04,Fri,8.361658735706916,7.433820188132739,15.795478923839655,11,27,85
2020-09-05,Sat,9.32034295245568,9.478757357348961,18.799100309804643,11,30,85
2020-09-06,Sun,11.395809118711448,12.16935062555117,23.565159744262616,11,35,85
2020-09-07,Mon,15.6064431279714,18.38847115225328,33.99491428022468,11,45,85
2020-09-08,Tue,14.446449352040885,12.959888869913453,27.406338221954336,11,39,85
2020-09-09,Wed,9.091708396881259,8.079691520279978,17.17139991716124,11,29,85
2020-09-10,Thu,11.151224100695822,11.05323762854369,22.20446172923951,11,34,85
2020-09-11,Fri,8.37760703536712,7.481623103155622,15.859230138522742,11,27,85
2020-09-12,Sat,6.24907835510392,6.607862219312542,12.856940574416463,11,24,85
2020-09-13,Sun,10.641108447899876,10.54152803062546,21.18263647852534,11,33,85
2020-09-14,Mon,8.64672328454994,11.422709362329325,20.069432646879264,11,32,85
2020-09-15,Tue,12.123274483699978,11.457534510527504,23.580808994227482,11,35,85
2020-09-16,Wed,6.200935134492035,4.487954649825009,10.688889784317045,11,22,85
2020-09-17,Thu,5.42360446910879,5.50207447947813,10.92567894858692,11,22,85
2020-09-18,Fri,7.8775085771517634,7.6139533782045286,15.491461955356293,11,27,85
2020-09-19,Sat,7.159415732587671,6.821487835926842,13.980903568514513,11,25,85
2020-09-20,Sun,7.258252437073583,7.463216624980912,14.721469062054496,11,26,85
2020-09-21,Mon,10.969359160792996,13.026929904983396,23.99628906577639,11,35,85
2020-09-22,Tue,10.970100786211956,11.031846809515718,22.001947595727675,11,34,85
2020-09-23,Wed,10.009884042954162,8.468125678446853,18.478009721401015,11,30,85
2020-09-24,Thu,4.302191786388226,4.0499928566025165,8.352184642990743,11,20,85
2020-09-25,Fri,3.892995641270669,3.7511605659602894,7.644156207230958,11,19,85
2020-09-26,Sat,6.39624348199903,6.4337890150045975,12.830032497003629,11,24,85
2020-09-27,Sun,9.345196214708546,8.903945121355065,18.24914133606361,11,30,85
2020-09-28,Mon,10.285643277108102,12.454745922618235,22.740389199726337,11,34,85
2020-09-29,Tue,11.270380106272974,10.953100992513468,22.223481098786444,11,34,85
2020-09-30,Wed,9.257673470743647,8.172237758121971,17.42991122886562,11,29,85
2020-10-01,Thu,8.038078083179911,8.11678227052899,16.1548603537089,11,28,85
2020-10-02,Fri,11.732241507980936,11.613939341703329,23.346180849684266,11,35,85
2020-10-03,Sat,12.27042705813879,12.122608969522569,24.39303602766136,11,36,85
2020-10-04,Sun,13.019974969675715,12.269468019917461,25.289442989593176,11,37,85
2020-10-05,Mon,11.219109825149145,13.339996173486606,24.55910599863575,11,36,85
2020-10-06,Tue,14.780818032740559,14.653670877461884,29.434488910202443,11,41,85
2020-10-07,Wed,10.104929716138527,9.472829937182475,19.577759653321003,11,31,85
2020-10-08,Thu,11.496080059015465,11.226772814635146,22.72285287365061,11,34,85
2020-10-09,Fri,9.411903277001874,9.32589991525551,18.737803192257385,11,30,85
2020-10-10,Sat,9.63035907524498,9.258179539245509,18.88853861449049,11,30,85
2020-10-11,Sun,6.338608165148889,5.8826796190998145,12.221287784248704,11,24,85
2020-10-12,Mon,7.784847213630885,9.193674096495158,16.97852131012604,11,28,85
2020-10-13,Tue,9.8236732046506,10.465200193836264,20.288873398486864,11,32,85
2020-10-14,Wed,7.451191447038958,6.3627458984967,13.813937345535658,11,25,85
2020-10-15,Thu,5.090524018659629,5.071682681368046,10.162206700027674,11,22,85
2020-10-16,Fri,6.581527797601029,6.114549917508686,12.696077715109716,11,24,85
2020-10-17,Sat,5.813658789201167,6.008655221105757,11.822314010306924,11,23,85
2020-10-18,Sun,6.105228298388113,5.501231362543997,11.60645966093211,11,23,85
2020-10-19,Mon,4.408650375069478,5.387500144245381,9.79615051931486,11,21,85
2020-10-20,Tue,6.731224802146994,7.581750165790318,14.312974967937311,11,26,85
2020-10-21,Wed,6.6861406643986685,5.927159652812144,12.613300317210813,11,24,85
2020-10-22,Thu,5.0518844628254165,4.82027372689232,9.872158189717737,11,21,85
2020-10-23,Fri,5.831398546790506,5.41036812791466,11.241766674705167,11,23,85
2020-10-24,Sat,6.015010161628433,6.067851687957219,12.082861849585651,11,24,85
2020-10-25,Sun,8.132761889451682,7.815033144062028,15.94779503351371,11,27,85
2020-10-26,Mon,11.379482350327532,12.09563090836244,23.475113258689973,11,35,85
2020-10-27,Tue,11.379832861180303,12.229326176307895,23.609159037488197,11,35,85
2020-10-28,Wed,7.895894651451037,7.361715843156763,15.2576104946078,11,27,85
2020-10-29,Thu,6.378799740488176,6.100008185608374,12.47880792609655,11,24,85
2020-10-30,Fri,6.421884188292696,6.17363599041188,12.595520178704575,11,24,85
2020-10-31,Sat,4.402625706951249,4.6346595795369385,9.037285286488189,11,21,85
2020-11-01,Sun,4.944063954476267,4.12464435852021,9.068708312996478,11,21,85
2020-11-02,Mon,9.858635525550765,10.149548078301123,20.00818360385189,11,32,85
2020-11-03,Tue,6.070004962047625,7.320820857709023,13.390825819756648,11,25,85
2020-11-04,Wed,5.734524642742522,5.356795939046826,11.091320581789347,11,23,85
2020-11-05,Thu,2.9023742198578737,2.377353060855924,5.279727280713798,11,17,85
2020-11-06,Fri,5.021124317853019,5.015585150288276,10.036709468141295,11,22,85
2020-11-07,Sat,6.03878410814739,6.90629847137405,12.94508257952144,11,24,85
2020-11-08,Sun,5.852041732666159,3.859209355292008,9.711251087958168,11,21,85
2020-11-09,Mon,1.8652830535977794,2.438205621601801,4.3034886751995804,11,16,85
2020-11-10,Tue,3.5457632418884004,4.7030219559962925,8.248785197884693,11,20,85
2020-11-11,Wed,6.487787967278108,6.714683824695177,13.202471791973284,11,25,85
2020-11-12,Thu,7.496986802718939,6.7811749389664415,14.27816174168538,11,26,85
2020-11-13,Fri,6.005358525651609,5.756364732997866,11.761723258649475,11,23,85
2020-11-14,Sat,5.236442940334242,5.995146081111997,11.23158902144624,11,23,85
2020-11-15,Sun,10.010719906394748,8.39771226104457,18.408432167439315,11,30,85
2020-11-16,Mon,5.285976257451873,5.942655487011873,11.228631744463746,11,23,85
2020-11-17,Tue,6.312607842409168,7.34503139789055,13.65763924029972,11,25,85
2020-11-18,Wed,7.183494735050891,7.223347663503867,14.406842398554758,11,26,85
2020-11-19,Thu,6.093018616117518,5.408158049495146,11.501176665612665,11,23,85
2020-11-20,Fri,4.841601920691692,5.130221843828632,9.971823764520323,11,21,85
2020-11-21,Sat,5.729454924832137,5.645620313247942,11.375075238080079,11,23,85
2020-11-22,Sun,5.268706512499216,4.066481086265165,9.335187598764382,11,21,85
2020-11-23,Mon,2.374032110443908,2.9680028207352374,5.342034931179145,11,17,85
2020-11-24,Tue,3.292239636777297,4.209970098816195,7.5022097355934925,11,19,85
2020-11-25,Wed,4.058802394086486,4.1642767137727255,8.223079107859212,11,20,85
2020-11-26,Thu,4.135286623098481,3.588178730863631,7.723465353962112,11,19,85
2020-11-27,Fri,4.553754265938213,4.725988185111892,9.279742451050105,11,21,85
2020-11-28,Sat,7.02528161233028,6.780066964832709,13.80534857716299,11,25,85
2020-11-29,Sun,8.317767755632715,7.347508832655236,15.665276588287952,11,27,85
2020-11-30,Mon,4.594834681573411,5.1283354638626735,9.723170145436084,11,21,85
2020-12-01,Tue,7.9270227509987246,8.86224177831789,16.789264529316615,11,28,85
2020-12-02,Wed,8.383196003618794,8.615573957795574,16.998769961414368,11,28,85
2020-12-03,Thu,6.348992881120497,5.9614245759928135,12.31041745711331,11,24,85
2020-12-04,Fri,4.743930726581771,4.8263682549996645,9.570298981581436,11,21,85
2020-12-05,Sat,5.993042312217112,5.241235370105886,11.234277682322997,11,23,85
2020-12-06,Sun,7.3109198353264535,6.999697051577516,14.310616886903968,11,26,85
2020-12-07,Mon,6.838833157446545,6.985909814654686,13.82474297210123,11,25,85
2020-12-08,Tue,4.999085853555431,5.723237838348529,10.72232369190396,11,22,85
2020-12-09,Wed,4.690286781689867,5.053209281284998,9.743496062974865,11,21,85
2020-12-10,Thu,7.279404352728142,7.1764050396193095,14.45580939234745,11,26,85
2020-12-11,Fri,4.441721578929677,4.631681130434851,9.073402709364528,11,21,85
2020-12-12,Sat,5.9547845642322255,4.935682319005695,10.89046688323792,11,22,85
2020-12-13,Sun,5.9916427799698315,5.462703993941972,11.454346773911803,11,23,85
2020-12-14,Mon,6.501878716849893,6.76157523584447,13.263453952694363,11,25,85
2020-12-15,Tue,3.9143793741369546,5.027276059573454,8.941655433710409,11,20,85
2020-12-16,Wed,5.58784760196115,5.359306852926917,10.947154454888068,11,22,85
2020-12-17,Thu,5.0556730382004265,5.434468732044495,10.490141770244922,11,22,85
2020-12-18,Fri,4.37017260909678,4.528760749606371,8.89893335870315,11,20,85
2020-12-19,Sat,9.506843321012033,8.473511541082377,17.98035486209441,11,29,85
2020-12-20,Sun,9.243943353703157,8.244357050669613,17.488300404372772,11,29,85
2020-12-21,Mon,9.152697928464637,9.8117496521406,18.96444758060524,11,30,85
2020-12-22,Tue,7.663352619645685,8.678694448419952,16.342047068065636,11,28,85
2020-12-23,Wed,6.787784977586185,6.482882355067044,13.270667332653229,11,25,85
2020-12-24,Thu,5.5598259996339765,6.674804789295159,12.234630788929135,11,24,85
2020-12-25,Fri,7.419991258538365,7.073768129517551,14.493759388055917,11,26,85
2020-12-26,Sat,6.3398702772068924,5.317281976888504,11.657152254095397,11,23,85
2020-12-27,Sun,5.141921066007029,3.7720293475835023,8.91395041359053,11,20,85
2020-12-28,Mon,7.834868567024811,8.52310699403455,16.357975561059362,11,28,85
2020-12-29,Tue,6.020966512697138,7.153677922880116,13.174644435577253,11,25,85
2020-12-30,Wed,6.110887926264939,6.008194755149363,12.119082681414302,11,24,85
2020-12-31,Thu,3.886873632059365,4.826694427883501,8.713568059942865,11,20,85
2021-01-01,Fri,10.572554193398219,10.292545987453245,20.865100180851464,11,32,85
2021-01-02,Sat,8.448040213194902,7.929923362506568,16.37796357570147,11,28,85
2021-01-03,Sun,6.6676902920717005,4.500857797867719,11.16854808993942,11,23,85
2021-01-04,Mon,3.1238487907985926,3.981055330420383,7.104904121218976,11,19,85
2021-01-05,Tue,2.8829255777829257,3.888680500228186,6.771606078011112,11,18,85
2021-01-06,Wed,4.464989398869795,5.317471126233589,9.782460525103385,11,21,85
2021-01-07,Thu,4.562806970009136,4.594372203346387,9.157179173355523,11,21,85
2021-01-08,Fri,2.234727214336263,2.0253940560981594,4.260121270434422,11,16,85
2021-01-09,Sat,3.9692300066808883,3.437529472056564,7.406759478737452,11,19,85
2021-01-10,Sun,6.546601076788286,4.4091988397558,10.955799916544086,11,22,85
2021-01-11,Mon,5.675616414601761,6.734030262146975,12.409646676748736,11,24,85
2021-01-12,Tue,4.317617113963595,5.162893543378885,9.480510657342482,11,21,85
2021-01-13,Wed,4.999039644095502,5.666078991478054,10.665118635573556,11,22,85
2021-01-14,Thu,6.6970835567119265,7.252109744505067,13.949193301216994,11,25,85
2021-01-15,Fri,4.824934119367406,4.757381143929824,9.582315263297229,11,21,85
2021-01-16,Sat,5.364272174168003,4.6071159863344135,9.971388160502418,11,21,85
2021-01-17,Sun,2.357436494538117,-0.2237798119331882,2.133656682604929,11,14,85
2021-01-18,Mon,-0.9243474546400943,0.40542980531715156,-0.5189176493229427,11,11,85
2021-01-19,Tue,0.883040099919115,1.871985033414421,2.755025133333536,11,14,85
2021-01-20,Wed,2.448090516335978,2.6888308530615532,5.136921369397531,11,17,85
2021-01-21,Thu,2.457792621041712,3.3731268179036857,5.830919438945397,11,17,85
2021-01-22,Fri,3.6532239857351447,3.2400576639004184,6.893281649635563,11,18,85
2021-01-23,Sat,1.35391331534773,0.7880592574600206,2.1419725728077506,11,14,85
2021-01-24,Sun,5.760173578847002,3.322102582257456,9.082276161104458,11,21,85
2021-01-25,Mon,3.9618422228791896,5.303484747675963,9.265326970555153,11,21,85
2021-01-26,Tue,5.323070924194945,6.214207779043859,11.537278703238805,11,23,85
2021-01-27,Wed,5.015715716458828,5.32183636387205,10.337552080330878,11,22,85
2021-01-28,Thu,4.797047506402136,5.453159459340688,10.250206965742823,11,22,85
2021-01-29,Fri,5.0416947852829725,5.458528602423231,10.500223387706203,11,22,85
2021-01-30,Sat,5.953436723893131,4.86034576798057,10.813782491873702,11,22,85
